region_code,region_name,division_code,division_name,state_abbr,state_code,state_name,year,popestimate,npopchg,births,deaths,naturalinc,internationalmig,domesticmig,netmig,residual,rbirth,rdeath,rnaturalinc,rinternationalmig,rdomesticmig,rnetmig,percap_real_inc,employment_10,employment_20,employment_40,employment_50,employment_60,employment_70,employment_80,employment_90,employment_100,employment_200,employment_300,employment_400,employment_500,employment_600,employment_700,employment_800,employment_900,employment_1000,employment_1100,employment_1200,employment_1300,employment_1400,employment_1500,employment_1600,employment_1700,employment_1800,employment_1900,employment_2000,employment_2001,employment_2002,employment_2010,employment_2011,employment_2012
3,South,6,East South Central,AL,1,Alabama,2018,4887681,13195,58271,53665,4606,3379,5279,8658,-69,11.938128,10.994485,.94364291,.69226432,1.0815221,1.7737865,44249,2479507,1968098,511409,41130,470279,50583,2428924,2017865,14939,10928,14247,153203,254643,81674,273776,69987,30220,106053,93389,138868,16558,145273,36578,221547,33925,163320,158737,411059,54087,33131,323841,105685,218156
3,South,6,East South Central,AL,1,Alabama,2019,4903185,15504,57313,53879,3434,2772,9387,12159,-89,11.707442,11.005972,.70147014,.56624204,1.9175014,2.4837434,40776,2523338,1979360,543978,38707,505271,46420,2476918,2076360,16022,13629,14699,135665,258984,81027,274848,75210,28488,109083,95849,138567,17559,165872,40085,234043,34036,175352,167342,400558,54690,30557,315311,102517,212794
4,West,9,Pacific,AK,2,Alaska,2018,735139,-4561,10284,4664,5620,537,-10757,-10220,39,13.945929,6.3247581,7.621171,.7282151,-14.587355,-13.859139,52983,431320,342900,88420,535,87885,743,430577,326276,12334,13490,1945,26868,15105,7560,45331,22991,7985,10204,14408,21633,2588,16261,5165,41898,9479,31705,19326,104301,16720,26394,61187,23884,37303
4,West,9,Pacific,AK,2,Alaska,2019,731545,-3594,10031,4819,5212,659,-9482,-8823,17,13.678474,6.5712862,7.1071887,.89862573,-12.929847,-12.031221,50968,455472,357000,98472,866,97606,1531,453941,350853,10002,17185,2237,22680,16069,7319,45811,24106,7135,11347,17450,23425,3467,17098,6009,52371,10946,35503,20693,103088,15105,25563,62420,23690,38730
4,West,8,Mountain,AZ,4,Arizona,2018,7158024,114016,81767,60127,21640,7937,84113,92050,326,11.514832,8.4673796,3.0474513,1.1177274,11.845206,12.962934,41059,2847095,2356072,491023,7356,483667,19274,2827821,2416280,18949,11662,11317,213386,193778,103220,328599,81364,58899,154114,129146,165643,23162,231718,37094,237793,55654,213969,146813,411541,48933,33316,329292,82400,246892
4,West,8,Mountain,AZ,4,Arizona,2019,7278717,120693,81942,60523,21419,7782,91017,98799,475,11.35187,8.3845797,2.9672902,1.0780827,12.609078,13.687161,42922,2917121,2393694,523427,9727,513700,22528,2894593,2474153,17659,11717,11684,220988,185806,102462,338001,82202,57885,158669,139210,170788,22524,237578,40937,253375,56206,217589,148873,420440,50591,34750,335099,83552,251547
3,South,7,West South Central,AR,5,Arkansas,2019,3017804,8071,36640,31322,5318,268,2515,2783,-30,12.157537,10.392968,1.7645682,.088925213,.83450335,.9234286,44856,1505095,1215751,289344,43420,245924,55141,1449954,1232306,14971,7046,6685,92584,207945,49887,162790,71609,23235,49441,41422,54875,23219,73931,15489,146060,16194,88076,86847,217648,20832,18731,178085,70138,107947
3,South,7,West South Central,AR,5,Arkansas,2018,3009733,8388,37239,31743,5496,588,2294,2882,10,12.390123,10.5615,1.8286238,.19563879,.76325744,.95889622,47451,1582858,1259279,323579,43650,279929,54209,1528649,1298858,14425,11242,7213,101248,193681,52721,166601,75731,22818,54329,51698,61486,25627,80155,18048,159748,18034,96286,87767,229791,20912,20610,188269,75066,113203
4,West,9,Pacific,CA,6,California,2018,39461588,103091,465017,277578,187439,71300,-155281,-83981,-367,11.799455,7.0433316,4.7561226,1.8091835,-3.9401379,-2.1309543,47715,21319995,16212158,5107837,64457,5043380,230131,21089864,18488874,233738,69887,61227,964472,1357740,784344,1999529,642510,534083,1012928,1069209,1853242,233761,1404105,485844,2354100,586684,1528900,1312571,2600990,246714,213744,2140532,494746,1645786
4,West,9,Pacific,CA,6,California,2019,39512223,50635,462617,282520,180097,74028,-203414,-129386,-76,11.715707,7.1547771,4.5609298,1.8747481,-5.1514292,-3.2766812,44859,21997098,16694268,5302830,61852,5240978,242073,21755025,19115053,239289,64359,60191,1002749,1373857,842913,2038747,699403,553442,992906,1104675,1903523,239320,1461792,510480,2416677,618392,1613440,1378898,2639972,243255,208263,2188454,510752,1677702
4,West,8,Mountain,CO,8,Colorado,2018,5691287,79402,64494,38490,26004,10646,42539,53185,213,11.411664,6.8104777,4.6011863,1.883719,7.5269136,9.4106331,49739,3109368,2400410,708958,27899,681059,41867,3067501,2650681,9623,32505,8544,247079,160857,107730,318241,83492,87386,167716,171726,255794,29639,188022,52485,246363,80174,235742,167563,416820,52240,42751,321829,87979,233850
4,West,8,Mountain,CO,8,Colorado,2019,5758736,67449,64524,39116,25408,10523,31335,41858,183,11.270545,6.8324752,4.4380698,1.8380749,5.4733515,7.3114262,42219,3356175,2507504,848671,32053,816618,44800,3311375,2846039,12275,62773,8337,202327,149514,107813,313764,87733,82370,204949,188393,296970,38431,199565,65725,299032,91065,258079,176924,465336,53642,53966,357728,110516,247212
4,West,8,Mountain,CO,8,Colorado,2018,5691287,79402,64494,38490,26004,10646,42539,53185,213,11.411664,6.8104777,4.6011863,1.883719,7.5269136,9.4106331,49681,3164426,2367380,797046,32193,764853,44261,3120165,2672770,11471,43327,8880,205410,144125,104259,303998,81119,86339,198428,176348,274487,32257,184793,56906,273131,85139,232378,169975,447395,53549,49592,344254,96821,247433
4,West,8,Mountain,CO,8,Colorado,2018,5691287,79402,64494,38490,26004,10646,42539,53185,213,11.411664,6.8104777,4.6011863,1.883719,7.5269136,9.4106331,45816,3251097,2474409,776688,32689,743999,45194,3205903,2768610,11021,48037,8902,239649,156266,110968,317317,86289,88999,186998,180705,280317,32688,196425,55209,267697,85882,242333,172908,437293,52467,45858,338968,94212,244756
1,Northeast,1,New England,CT,9,Connecticut,2019,3565287,-6233,34567,31149,3418,12323,-22059,-9736,85,9.686965,8.7291136,.95785129,3.4533651,-6.181756,-2.7283909,59782,2246561,1717324,529237,5299,523938,10755,2235806,1974122,2441,3581,6575,107937,172919,70343,220554,53317,39149,198283,111735,156632,33127,118076,81258,296638,52298,133613,115646,261684,17393,14618,229673,77591,152082
1,Northeast,1,New England,CT,9,Connecticut,2018,3571520,-1777,34883,31263,3620,18498,-23976,-5478,81,9.7645607,8.7512388,1.013322,5.178019,-6.7114387,-1.5334193,58857,2112290,1715891,396399,3847,392552,10130,2102160,1837774,2374,2083,8940,110203,207121,70937,227071,49675,45446,162772,85636,148355,28181,109834,64502,248535,44503,111640,109966,264386,20660,16351,227375,70749,156626
3,South,5,South Atlantic,DE,10,Delaware,2019,973764,8285,10683,9454,1229,73,6961,7034,22,11.017701,9.7501965,1.2675049,.075287111,7.17909,7.2543769,46684,537109,450363,86746,1854,84892,3138,533971,464402,826,185,2247,40378,34187,16322,62867,13783,7756,47314,23531,34045,12792,29497,9195,54519,13071,34060,27827,69569,5385,8032,56152,32439,23713
3,South,5,South Atlantic,DE,10,Delaware,2018,965479,8656,10732,9420,1312,484,6851,7335,9,11.165779,9.8007498,1.3650301,.50356293,7.127912,7.631475,49757,584834,467019,117815,1886,115929,3720,581114,507320,,,2283,31478,27492,12278,63056,19911,6297,60130,29224,37509,10145,34735,9996,75611,15641,43107,26935,73794,5752,8635,59407,32284,27123
3,South,5,South Atlantic,DC,11,District of Columbia,2019,705749,4202,9493,5677,3816,2604,-2203,401,-15,13.49112,8.0679541,5.4231663,3.7007141,-3.1308267,.56988722,58469,769796,708380,61416,0,61416,0,769796,521023,56,,2627,,2482,5125,20756,6848,25129,20787,21089,115278,1631,47804,47964,56587,11507,50101,69738,248773,190466,22808,35499,0,35499
3,South,5,South Atlantic,DC,11,District of Columbia,2018,701547,6641,9523,5321,4202,2749,-318,2431,8,13.638841,7.6207361,6.0181046,3.9371178,-.4554396,3.4816782,65466,794912,721890,73022,0,73022,0,794912,549764,63,341,2392,15595,2030,5290,21573,6367,23405,22356,22663,123396,1787,49144,51119,61169,13417,53218,74439,245148,189541,20006,35601,0,35601
3,South,5,South Atlantic,FL,12,Florida,2019,21477737,233420,221695,211692,10003,88678,133910,222588,829,10.37848,9.9101973,.46828273,4.151392,6.2688932,10.420285,41448,12857048,9338828,3518220,38701,3479519,78475,12778573,11573978,63459,16214,24466,800556,431004,404987,1319374,611564,184149,788450,836703,937969,155851,1012977,242293,1390255,385786,1103541,864380,1204595,143148,92838,968609,254521,714088
3,South,5,South Atlantic,FL,12,Florida,2018,21244317,280704,223066,209998,13068,131600,135530,267130,506,10.569862,9.9506416,.61922014,6.235795,6.4220161,12.657811,44229,10269499,8100529,2168970,39133,2129837,84139,10185360,8964592,62024,19140,26727,687620,397728,382427,1149170,312568,188859,574528,554898,687477,95674,824355,177844,1066872,283956,807998,664727,1220768,130083,100793,989892,253160,736732
3,South,5,South Atlantic,GA,13,Georgia,2018,10511131,100801,128547,84569,43978,16863,39981,56844,-21,12.28853,8.0844259,4.2041039,1.612029,3.8220084,5.4340372,44587,6418752,4804775,1613977,34987,1578990,51318,6367434,5582950,26231,8336,20292,354681,429942,237975,608004,337848,139418,313178,293532,444186,99959,516832,129361,595896,130721,490595,405963,784484,103398,93172,587914,176391,411523
3,South,5,South Atlantic,GA,13,Georgia,2019,10617423,106292,127873,86319,41554,15053,49680,64733,5,12.104283,8.1708384,3.9334447,1.4248964,4.702641,6.1275373,40634,6124558,4642653,1481905,35768,1446137,60245,6064313,5289018,25401,9811,20757,321307,421814,239295,607653,303435,139230,290119,268749,418460,75220,492350,127039,564633,118241,469144,376360,775295,101217,90190,583888,177377,406511
4,West,9,Pacific,HI,15,Hawaii,2019,1415872,-4721,16878,12748,4130,5014,-13817,-8803,-48,11.900728,8.9886532,2.9120755,3.5353866,-9.7424078,-6.2070217,37569,919341,727745,191596,5961,185635,12011,907330,725351,3880,793,4162,48448,18818,21620,90532,39300,10945,29537,43834,46458,9483,63708,20637,82659,23550,117229,49758,181979,33416,55127,93436,74117,19319
4,West,9,Pacific,HI,15,Hawaii,2018,1420593,-3800,17173,12454,4719,4412,-12910,-8498,-21,12.072467,8.7550516,3.3174152,3.1015971,-9.0756159,-5.9740191,37451,932230,730842,201388,5940,195448,10783,921447,738598,4079,585,4020,49706,18249,22180,89700,42837,10665,32127,46418,48260,9935,55481,20855,85821,25572,119926,52182,182849,34305,55796,92748,73330,19418
4,West,8,Mountain,ID,16,Idaho,2018,1750536,32821,22054,13451,8603,122,24020,24142,76,12.717649,7.7566476,4.9610019,.070352465,13.851362,13.921715,45595,925519,685329,240190,22466,217724,40089,885430,757909,13127,5078,3085,56037,65948,33458,104250,26872,12087,37831,46637,54087,6231,53037,16666,96911,19822,61386,45359,127521,12357,9266,105898,29655,76243
4,West,8,Mountain,ID,16,Idaho,2019,1787065,36529,22220,13308,8912,167,27360,27527,90,12.562185,7.5237427,5.0384426,.094414264,15.468109,15.562524,38388,949506,703879,245627,22809,222818,39810,909696,780319,13005,5334,3272,58159,68074,33856,108195,28844,11901,38959,48055,56491,6504,51967,17350,100190,18907,63815,47441,129377,12625,9058,107694,31117,76577
2,Midwest,3,East North Central,IL,17,Illinois,2018,12723071,-55757,147037,109549,37488,20260,-113699,-93439,194,11.531455,8.5914383,2.9400163,1.5889013,-8.9169044,-7.3280034,44582,7613484,6043531,1569953,62246,1507707,73956,7539528,6664575,14224,28753,24972,320072,600203,328849,714938,340867,118993,474056,291445,548594,109977,545868,211526,861985,158896,505937,464420,874953,79942,41532,753479,152155,601324
2,Midwest,3,East North Central,IL,17,Illinois,2018,12723071,-55757,147037,109549,37488,20260,-113699,-93439,194,11.531455,8.5914383,2.9400163,1.5889013,-8.9169044,-7.3280034,50831,7244982,6010044,1234938,61664,1173274,76925,7168057,6271452,11082,16858,24549,393210,713706,315125,743298,285300,138459,433618,250314,481754,92067,480956,152637,730128,137886,449785,420720,896605,89989,49960,756656,157534,599122
2,Midwest,3,East North Central,IL,17,Illinois,2019,12671821,-51250,144299,110004,34295,19209,-104986,-85777,232,11.364411,8.6634741,2.7009368,1.5128239,-8.2682772,-6.7554531,45998,7962884,6280415,1682469,58783,1623686,71764,7891120,7015765,13578,18127,25203,344078,607296,314064,694178,474905,114847,519187,328864,598780,98565,549418,207842,892775,180694,564855,468509,875355,79611,44379,751365,152817,598548
2,Midwest,3,East North Central,IL,17,Illinois,2018,12723071,-55757,147037,109549,37488,20260,-113699,-93439,194,11.531455,8.5914383,2.9400163,1.5889013,-8.9169044,-7.3280034,45825,7799138,6175887,1623251,60852,1562399,75067,7724071,6851548,12802,28132,26138,338514,596629,320891,727660,405998,118669,493951,305313,573174,106148,540727,212774,879666,163816,541215,459331,872523,80328,41075,751120,148027,603093
2,Midwest,3,East North Central,IN,18,Indiana,2019,6732219,36722,80711,62175,18536,14379,3997,18376,-190,12.021553,9.2606964,2.7608566,2.1416895,.59533578,2.7370255,46021,3682931,3035772,647159,52258,594901,61520,3621411,3160926,8701,11067,15694,214617,532997,134314,391778,145892,47948,143039,126450,160497,31656,203499,75165,380049,70949,253585,213029,460485,38023,21836,400626,117454,283172
2,Midwest,3,East North Central,IN,18,Indiana,2018,6695497,37419,81801,63233,18568,14959,4044,19003,-152,12.251551,9.4705725,2.7809782,2.2404487,.60568053,2.8461292,50158,3796419,3104792,691627,50832,640795,61275,3735144,3291494,9530,13541,14515,190093,533812,133982,391805,162765,41909,146692,136877,170803,36205,232158,85304,422367,69322,273830,225984,443650,36681,21227,385742,116509,269233
2,Midwest,4,West North Central,IA,19,Iowa,2019,3155070,6452,37672,28809,8863,2663,-5011,-2348,-63,11.952368,9.1403637,2.8120046,.84490222,-1.5898629,-.74496073,52093,1902227,1521678,380549,74640,305909,89651,1812576,1552550,11012,2791,7660,108234,228778,70531,228051,66411,36436,105172,47756,65519,10607,82864,39308,189799,32118,116143,103360,260026,18338,14235,227453,65799,161654
2,Midwest,4,West North Central,IA,19,Iowa,2018,3148618,7068,38068,28919,9149,2835,-4899,-2064,-17,12.10397,9.1949854,2.9089844,.90140676,-1.557669,-.65626228,49849,1994031,1579953,414078,74324,339754,90028,1904003,1640592,12705,3345,7303,115777,235868,73307,225903,73831,36741,116682,55703,71616,13519,89711,41332,201894,34813,124910,105632,263411,18297,12761,232353,66285,166068
2,Midwest,4,West North Central,KS,20,Kansas,2018,2911359,2641,35912,25734,10178,4053,-11564,-7511,-26,12.340731,8.8431816,3.4975483,1.392765,-3.9738307,-2.5810654,51405,1910954,1481874,429080,51794,377286,64416,1846538,1550739,10020,46460,7040,91458,168324,68444,188421,63256,25282,100534,66604,105625,29604,103436,28794,199724,31169,118503,98041,295799,25038,35320,235441,53629,181812
2,Midwest,4,West North Central,KS,20,Kansas,2019,2913314,1955,35457,25230,10227,4104,-12357,-8253,-19,12.174761,8.663147,3.5116134,1.4091778,-4.2429848,-2.8338072,46076,1895859,1471369,424490,52401,372089,64308,1831551,1534595,10708,45526,7985,91143,169307,69295,185899,60565,32316,98209,64705,102210,20441,107218,28708,194632,32154,115768,97806,296956,24893,35842,236221,53884,182337
3,South,6,East South Central,KY,21,Kentucky,2018,4461153,8885,54428,46582,7846,895,226,1121,-82,12.212595,10.452104,1.7604913,.20082076,.050710049,.2515308,39779,2325921,1864406,461515,71511,390004,84173,2241748,1859379,12824,29827,6728,116884,215279,77166,243100,98606,30771,97039,78213,105813,21241,125666,38472,245827,35405,157859,122659,382369,41721,58126,282522,102176,180346
3,South,6,East South Central,KY,21,Kentucky,2019,4467673,6520,53471,46074,7397,765,-1541,-776,-101,11.977162,10.320282,1.6568807,.17135511,-.34517416,-.17381905,44475,2389363,1908719,480644,69151,411493,83933,2305430,1934068,12984,30401,6815,117724,230179,78590,247240,104273,31289,102486,79190,104299,22357,139505,39532,257317,37356,164299,128232,371362,39042,55564,276756,100163,176593
3,South,7,West South Central,LA,22,Louisiana,2019,4648794,-10896,58498,46343,12155,3040,-26045,-23005,-46,12.568749,9.9571533,2.6115961,.65316761,-5.5959702,-4.9428029,48455,2501135,2011614,489521,24802,464719,32790,2468345,2079207,18147,60444,9707,200716,164375,82065,269309,94573,32839,88176,96672,128516,24029,145391,41616,248333,49716,173952,150631,389138,31537,36245,321356,108134,213222
3,South,7,West South Central,LA,22,Louisiana,2018,4659690,-10870,59870,46238,13632,3293,-27776,-24483,-19,12.833526,9.911417,2.9221082,.70587605,-5.9539671,-5.2480907,46775,2413797,1948257,465540,22254,443286,31121,2382676,2000012,18069,57976,9785,196181,158696,79147,263506,90738,32019,85149,91187,122740,23201,139421,40110,236501,45825,166299,143462,382664,32386,36303,313975,107191,206784
1,Northeast,1,New England,ME,23,Maine,2019,1344212,5155,12073,14335,-2262,852,6613,7465,-48,8.9987249,10.684729,-1.6860032,.6350463,4.9290624,5.5641084,40267,817622,632651,184971,6472,178499,9284,808338,695766,15885,504,1978,63427,64189,24001,105264,21744,13330,31819,28073,41120,6423,35074,16571,110307,17962,56802,41293,112572,14105,9530,88937,27437,61500
1,Northeast,1,New England,ME,23,Maine,2018,1339057,4445,12252,14416,-2164,874,5768,6642,-33,9.1649342,10.783684,-1.6187494,.65378326,4.3146701,4.9684534,40272,823517,635038,188479,7309,181170,10255,813262,700338,,,2115,60140,63296,23247,104035,21838,12235,32997,28875,43149,7359,38476,17455,113068,18792,56492,40649,112924,14600,9146,89178,27987,61191
3,South,5,South Atlantic,MD,24,Maryland,2018,6035802,11934,71389,50845,20544,15809,-24353,-8544,-66,11.839295,8.4322376,3.4070585,2.6217964,-4.0387506,-1.4169542,54041,3345423,2622550,722873,10805,712068,15552,3329871,2765950,6353,4343,10341,201135,122311,94299,330859,89689,57322,160542,167117,329157,21838,204141,92378,395786,75685,209486,193168,563921,172020,46402,345499,101553,243946
3,South,5,South Atlantic,MD,24,Maryland,2019,6045680,9878,70091,51453,18638,15011,-23665,-8654,-106,11.603046,8.517664,3.0853832,2.4849601,-3.9175658,-1.4326057,47725,3440607,2725907,714700,10989,703711,15971,3424636,2882477,6554,3526,10469,254984,139163,104377,362543,96327,64548,156987,174420,325451,22088,215154,85899,371325,74346,212654,201662,542159,156524,46487,339148,99280,239868
1,Northeast,1,New England,MA,25,Massachusetts,2019,6892503,9868,70419,58564,11855,28426,-30274,-1848,-139,10.224072,8.5028553,1.7212169,4.1271458,-4.3954549,-.26830947,53894,4854274,3777588,1076686,6194,1070492,10399,4843875,4378042,10187,2576,12455,258977,259980,138243,425670,177836,106715,286889,213822,487188,77499,251802,252327,700526,131118,334440,249792,465833,45978,19155,400700,126321,274379
1,Northeast,1,New England,MA,25,Massachusetts,2019,6892503,9868,70419,58564,11855,28426,-30274,-1848,-139,10.224072,8.5028553,1.7212169,4.1271458,-4.3954549,-.26830947,51025,4447626,3540699,906927,6453,900474,11539,4436087,3974652,9885,3407,11692,220623,263383,140703,404336,114183,100020,264320,186722,426312,65533,234302,231280,648146,113963,306523,229319,461435,45739,19857,395839,128308,267531
1,Northeast,1,New England,MA,25,Massachusetts,2018,6882635,22846,70696,58890,11806,38352,-27223,11129,-89,10.288723,8.5705404,1.718183,5.5815482,-3.9618921,1.6196561,50303,4215669,3406484,809185,6519,802666,10377,4205292,3751887,,,10870,225887,297562,147363,403325,96064,103263,256133,160946,399752,62922,224434,208535,549557,101849,272417,216926,453405,49515,19643,384247,123026,261221
1,Northeast,1,New England,MA,25,Massachusetts,2019,6892503,9868,70419,58564,11855,28426,-30274,-1848,-139,10.224072,8.5028553,1.7212169,4.1271458,-4.3954549,-.26830947,53165,4202942,3401308,801634,6547,795087,10087,4192855,3744339,10959,2828,10529,235328,306819,149463,408330,97283,101126,245850,162505,389427,62348,229630,208254,537455,99200,269668,217337,448516,49437,19901,379178,120312,258866
2,Midwest,3,East North Central,MI,26,Michigan,2018,9984072,10958,110376,96260,14116,13645,-16639,-2994,-164,11.061279,9.6466503,1.4146283,1.3674272,-1.6674695,-.3000423,41414,5038194,3936587,1101607,46869,1054738,63240,4974954,4323483,15085,19306,20078,218708,491546,165965,537662,127152,70478,222565,222344,344635,51685,335109,103172,636286,100991,346914,293802,651471,57495,20725,573251,178954,394297
2,Midwest,3,East North Central,MI,26,Michigan,2019,9986857,2785,109472,95983,13489,13146,-23670,-10524,-180,10.963136,9.6122723,1.3508636,1.3165137,-2.3704455,-1.053932,46340,5323762,4179314,1144448,45956,1098492,67863,5255899,4645048,16414,22749,19829,234018,572496,180498,550526,143245,71299,239961,228761,381934,58409,376310,108969,651885,100639,374027,313079,610851,51926,18864,540061,177204,362857
2,Midwest,4,West North Central,MN,27,Minnesota,2019,5639632,33383,67642,43200,24442,9113,65,9178,-237,12.029649,7.6828132,4.3468361,1.6206822,.011559788,1.6322421,48586,3505578,2789630,715948,64263,651685,81854,3423724,3006894,13622,12139,13257,154351,320141,138843,346890,108694,61959,212686,138571,206603,77055,171474,86973,453793,82106,218831,188906,416830,31672,20679,364479,92406,272073
2,Midwest,4,West North Central,MN,27,Minnesota,2018,5606249,40019,67861,43494,24367,9256,6566,15822,-170,12.147886,7.7859178,4.3619685,1.6569287,1.1753882,2.8323169,54860,3448135,2791251,656884,69381,587503,87018,3361117,2945529,12193,6882,12295,199846,358792,141753,376077,108711,67665,184266,126099,189720,64747,160915,70435,383499,71623,217521,192490,415588,33637,23528,358423,86016,272407
3,South,6,East South Central,MS,28,Mississippi,2019,2976149,-4871,35978,31536,4442,1429,-10740,-9311,-2,12.078892,10.58758,1.4913124,.47975808,-3.6057396,-3.1259816,37579,1454774,1204045,250729,38671,212058,48115,1406659,1128137,15764,8005,8171,86430,191684,38483,169251,49734,17900,47179,31952,47018,11094,58043,18367,113895,20354,114288,80525,278522,25836,35230,217456,68048,149408
3,South,6,East South Central,MS,28,Mississippi,2018,2981020,-7490,36832,31603,5229,2013,-14775,-12762,43,12.34,10.588103,1.7518967,.67442495,-4.9501386,-4.2757134,42134,1568218,1201889,366329,31406,334923,40781,1527437,1253380,14635,16635,8310,82866,147241,41745,170896,58947,16625,55320,50367,56497,12040,96922,25799,154440,20760,127747,95588,274057,25284,27261,221512,67115,154397
2,Midwest,4,West North Central,MO,29,Missouri,2018,6121623,14953,72323,60322,12001,5755,-2697,3058,-106,11.828797,9.8659725,1.9628251,.94125974,-.44110817,.50015157,44925,3655804,2887001,768803,88364,680439,98335,3557469,3086502,13010,9565,12428,182808,274756,136297,384818,128763,58440,187348,151130,210316,68339,204246,82643,433342,71888,267477,208888,470967,57502,35532,377933,104061,273872
2,Midwest,4,West North Central,MO,29,Missouri,2019,6137428,15805,71297,60141,11156,5503,-710,4793,-144,11.631732,9.8116894,1.820043,.89778566,-.11583278,.78195286,46844,3437494,2810287,627207,105730,521477,116521,3320973,2848255,11838,6287,12903,204222,332411,127459,385900,126429,76583,157165,108992,164985,70416,164417,63594,341306,66278,229916,197154,472718,59724,38129,374865,107491,267374
4,West,8,Mountain,MT,30,Montana,2019,1068778,8113,11618,9870,1748,322,6024,6346,19,10.911774,9.27003,1.6417439,.30242652,5.6578174,5.9602442,40022,636171,466766,169405,24065,145340,29088,607083,512911,7457,10959,3231,50417,23417,18537,75486,18030,9377,24824,29633,34385,1827,27210,7515,66094,19444,51825,33243,94172,13634,8204,72334,25984,46350
4,West,8,Mountain,MT,30,Montana,2018,1060665,8183,11552,9666,1886,288,5996,6284,13,10.933456,9.1484404,1.7850155,.27257925,5.6749482,5.9475274,45408,683974,494412,189562,22865,166697,29606,654368,558944,8197,10627,2973,48851,25162,19333,75295,21135,8416,26664,38943,39759,2717,26524,9433,77341,21512,59714,36348,95424,13244,7785,74395,26547,47848
2,Midwest,4,West North Central,NE,31,Nebraska,2018,1925614,9667,25470,15731,9739,3280,-3334,-54,-18,13.260235,8.1898994,5.0703349,1.7076392,-1.7357527,-.028113572,47477,1230935,986050,244885,39018,205867,49869,1181066,1009387,8549,2031,1818,72599,104672,43758,135447,64344,22025,72766,36467,59268,17684,60397,21154,125183,20974,75298,64953,171679,15995,13462,142222,35187,107035
2,Midwest,4,West North Central,NE,31,Nebraska,2019,1934408,8794,25343,15582,9761,3295,-4220,-925,-42,13.131013,8.0735292,5.0574841,1.7072442,-2.186516,-.47927189,54706,1317550,1040705,276845,38571,238274,54166,1263384,1087919,11220,3169,1283,75012,101859,43846,136117,63644,20833,83459,49491,64566,22485,65406,24218,144681,25483,83309,67838,175465,16861,12602,146002,34156,111846
4,West,8,Mountain,NV,32,Nevada,2018,3027341,57436,35700,25146,10554,-992,47650,46658,224,11.905464,8.385849,3.5196154,-.3308185,15.890627,15.559809,40930,1902080,1458453,443627,2938,440689,5064,1897016,1716835,2034,17940,4321,115771,65533,44575,181647,117258,22051,94337,110633,107541,34393,136808,19695,153917,61484,333499,93398,180181,19777,18932,141472,36818,104654
4,West,8,Mountain,NV,32,Nevada,2019,3080156,52815,35932,25610,10322,-970,43207,42237,256,11.766522,8.3864145,3.3801081,-.31764239,14.14884,13.831198,47929,1664658,1292235,372423,3389,369034,5438,1659220,1490755,1669,19968,4271,86477,47751,42716,173489,72811,19043,85012,98661,92440,27036,118004,16372,129052,51582,322317,82084,168465,18564,17438,132463,35203,97260
1,Northeast,1,New England,NH,33,New Hampshire,2018,1353465,4678,12023,12378,-355,2292,2784,5076,-43,8.8985043,9.1612473,-.2627438,1.6963629,2.0605037,3.7568665,44987,904939,695650,209289,3851,205438,5171,899768,805303,3008,1108,2166,55626,76495,31294,111697,22128,15256,43396,42583,66474,10178,48397,32473,105068,25165,66207,46584,94465,7953,4560,81952,24787,57165
1,Northeast,1,New England,NH,33,New Hampshire,2019,1359711,6246,12004,12125,-121,1947,4469,6416,-49,8.84867,8.9378643,-.089194357,1.4352183,3.2942941,4.7295127,51002,788168,640657,147511,3264,144247,4882,783286,695243,3445,882,2885,52596,101279,29341,111706,16907,15581,34156,25752,47002,7368,34107,23520,78421,17832,52803,39660,88043,7939,4279,75825,23868,51957
1,Northeast,2,Middle Atlantic,NJ,34,New Jersey,2018,8886025,500,100724,75450,25274,26340,-51151,-24811,37,11.335421,8.4910994,2.8443215,2.9642885,-5.7565041,-2.7922156,48845,5057223,4133463,923760,8517,915243,16721,5040502,4384151,5569,3364,14384,264972,333845,251716,543762,200091,113269,289354,257783,409006,73982,312352,111542,534741,94757,309808,259854,656351,61342,24346,570663,156739,413924
1,Northeast,2,Middle Atlantic,NJ,34,New Jersey,2019,8882190,-3835,99501,75723,23778,21284,-48946,-27662,49,11.199887,8.5234222,2.6764648,2.3957386,-5.5093884,-3.1136498,53701,5303122,4061791,1241331,8580,1232751,17832,5285290,4672108,6449,4336,15802,239400,253976,250454,548320,229130,92136,329749,311772,458766,86604,337524,137035,632904,118009,327883,291859,613182,49268,24834,539080,139005,400075
4,West,8,Mountain,NM,35,New Mexico,2018,2092741,957,23404,18574,4830,1437,-5244,-3807,-66,11.185977,8.877471,2.3085058,.68681633,-2.5063777,-1.8195614,36943,1050191,844235,205956,15588,190368,23272,1026919,808203,5276,21143,4120,73532,41013,28629,116223,25189,17362,31850,37060,66867,6339,55054,15570,105671,21541,81349,54415,218716,30084,16258,172374,69105,103269
4,West,8,Mountain,NM,35,New Mexico,2019,2096829,4088,23125,18388,4737,1546,-2136,-590,-59,11.039319,8.7779894,2.2613299,.73802322,-1.019675,-.28165182,37712,1092500,861137,231363,21476,209887,29826,1062674,854245,5828,31814,4899,60008,33186,25372,113636,26673,16001,35685,39859,77751,6336,53890,17017,134263,24150,92523,55354,208429,29384,17046,161999,58715,103284
1,Northeast,2,Middle Atlantic,NY,36,New York,2019,19453561,-76790,222924,164817,58107,45753,-180649,-134896,-1,11.436718,8.4556417,2.981076,2.347276,-9.2678747,-6.9205985,45651,11005742,8708911,2296831,32327,2264504,50455,10955287,9423799,13524,14785,40182,455146,483913,361107,1027427,317532,290116,802513,546644,841610,143159,543843,426469,1535434,316107,649533,614755,1531488,132823,60240,1338425,255219,1083206
1,Northeast,2,Middle Atlantic,NY,36,New York,2018,19530351,-59221,226993,160899,66094,55959,-181262,-125303,-12,11.604982,8.2259369,3.3790455,2.8608952,-9.2669916,-6.4060965,44500,11432840,8932772,2500068,31786,2468282,51493,11381347,9913194,14353,17300,38056,470832,490627,372744,1072580,348284,300811,864226,575357,895952,146967,578609,442619,1569117,334436,713799,666525,1468153,118513,60339,1289301,243996,1045305
1,Northeast,2,Middle Atlantic,NY,36,New York,2018,19530351,-59221,226993,160899,66094,55959,-181262,-125303,-12,11.604982,8.2259369,3.3790455,2.8608952,-9.2669916,-6.4060965,54607,11082809,8939062,2143747,32459,2111288,49919,11032890,9511711,13760,11966,40073,516435,581266,393045,1058669,336741,304497,765865,521231,860536,135681,555659,400388,1461820,304039,615160,634880,1521179,126962,57085,1337132,257759,1079373
1,Northeast,2,Middle Atlantic,NY,36,New York,2018,19530351,-59221,226993,160899,66094,55959,-181262,-125303,-12,11.604982,8.2259369,3.3790455,2.8608952,-9.2669916,-6.4060965,50847,12873579,9914379,2959200,30605,2928595,52328,12821251,11316772,15340,10452,39242,572468,473942,366924,1077835,548910,324366,952084,740126,1041621,174282,674374,493058,1840125,396142,854912,720569,1504479,115237,55853,1333389,246166,1087223
3,South,5,South Atlantic,NC,37,North Carolina,2019,10488084,106469,119203,94312,24891,14184,67338,81522,56,11.423548,9.0381756,2.3853722,1.3592913,6.4531837,7.8124747,44623,5356443,4241784,1114659,42086,1072573,62181,5294262,4432875,24566,9309,13039,292805,460190,188369,548175,146414,83860,240154,221125,304596,83601,366788,124015,527133,112185,380493,306058,861387,69851,140087,651449,215679,435770
3,South,5,South Atlantic,NC,37,North Carolina,2018,10381615,113382,120176,93703,26473,14913,71915,86828,81,11.639408,9.0754175,2.5639899,1.444369,6.9651842,8.4095535,45199,6056769,4735868,1320901,39056,1281845,61381,5995388,5134808,26032,6745,15698,360969,497391,199646,607577,206586,96559,280365,274914,388158,91714,414413,141503,584090,136997,461768,343683,860580,72866,128166,659548,211173,448375
2,Midwest,4,West North Central,ND,38,North Dakota,2018,758080,3138,10570,6150,4420,1063,-2358,-1295,13,13.972037,8.129426,5.8426118,1.4051349,-3.1169407,-1.7118059,57990,576908,450702,126206,23817,102389,28666,548242,459116,4788,23100,4025,41093,26287,25673,60343,22843,7486,27372,23805,23144,5824,17858,6497,66041,8168,37518,27251,89126,9433,11610,68083,24874,43209
2,Midwest,4,West North Central,ND,38,North Dakota,2018,758080,3138,10570,6150,4420,1063,-2358,-1295,13,13.972037,8.129426,5.8426118,1.4051349,-3.1169407,-1.7118059,61031,492417,381991,110426,26856,83570,31243,461174,378170,4110,9081,3458,29504,24929,21258,53378,15979,8291,24597,15352,18805,4458,17131,5422,57809,6939,32689,24980,83004,9908,11217,61879,24094,37785
2,Midwest,4,West North Central,ND,38,North Dakota,2019,762062,3982,10536,6250,4286,951,-1267,-316,12,13.861863,8.2229156,5.638947,1.2511989,-1.6669495,-.41575062,55117,445433,344694,100739,31963,68776,37284,408149,330948,3256,4227,3415,23072,25150,19456,51200,13401,9316,19809,10626,14402,2993,16273,4288,51354,5671,28711,24328,77201,9660,12280,55261,20419,34842
2,Midwest,4,West North Central,ND,38,North Dakota,2018,758080,3138,10570,6150,4420,1063,-2358,-1295,13,13.972037,8.129426,5.8426118,1.4051349,-3.1169407,-1.7118059,59875,491898,383039,108859,26927,81932,32145,459753,379254,3860,9143,3514,29399,27566,20923,53808,15652,8303,23404,14941,19437,4480,17640,5210,57330,6906,32285,25453,80499,9741,11295,59463,22504,36959
2,Midwest,3,East North Central,OH,39,Ohio,2019,11689100,12759,134291,117750,16541,9553,-12916,-3363,-419,11.49484,10.078988,1.4158517,.81770337,-1.1055644,-.28786102,42427,6862127,5521116,1341011,70279,1270732,88292,6773835,5977953,14391,36753,20318,321588,714989,266070,690303,252928,86677,330002,265413,383862,145353,418007,149726,881839,136247,492581,370906,795882,76575,35252,684055,175768,508287
2,Midwest,3,East North Central,OH,39,Ohio,2018,11676341,16691,135947,119884,16063,13237,-12281,956,-328,11.651273,10.274601,1.3766718,1.1344708,-1.0525372,.081933528,48384,6454964,5200846,1254118,66321,1187797,79948,6375016,5546383,12746,26758,22168,311132,655583,241095,678219,219680,96291,324275,235922,367299,113008,371680,143183,818083,119008,441578,348675,828633,79422,36109,713102,175222,537880
2,Midwest,3,East North Central,OH,39,Ohio,2018,11676341,16691,135947,119884,16063,13237,-12281,956,-328,11.651273,10.274601,1.3766718,1.1344708,-1.0525372,.081933528,42671,6418162,5163982,1254180,67417,1186763,80764,6337398,5512363,12875,30241,21029,292190,644115,236017,663124,214312,93325,317660,241980,367338,112156,382540,146779,832305,119356,440596,344425,825035,84816,35828,704391,175250,529141
2,Midwest,3,East North Central,OH,39,Ohio,2018,11676341,16691,135947,119884,16063,13237,-12281,956,-328,11.651273,10.274601,1.3766718,1.1344708,-1.0525372,.081933528,48907,6988155,5623037,1365118,70612,1294506,87394,6900761,6093631,14874,28837,20096,343832,716484,254898,695631,272342,88486,346741,277148,393568,149287,420369,149689,897067,143233,514798,366251,807130,78492,35457,693181,178041,515140
3,South,7,West South Central,OK,40,Oklahoma,2019,3956971,16736,48759,40266,8493,4484,3822,8306,-63,12.348418,10.197531,2.1508873,1.1355915,.96793729,2.1035287,45520,2186554,1673566,512988,77512,435476,90215,2096339,1727625,8910,100966,11446,129830,157193,65104,216932,61366,33242,91633,72595,105902,17293,139494,25229,201796,29150,137230,122314,368714,45324,38407,284983,86619,198364
3,South,7,West South Central,OK,40,Oklahoma,2018,3940235,8919,49525,40486,9039,4353,-4408,-55,-65,12.583289,10.286664,2.2966249,1.1060082,-1.1199826,-.013974374,42697,2248291,1679717,568574,73334,495240,84732,2163559,1792945,8859,139586,12021,126454,148068,67888,221050,61730,26872,100605,77732,106581,18686,132187,28963,212681,31072,148300,123610,370614,47226,35621,287767,84907,202860
4,West,9,Pacific,OR,41,Oregon,2018,4181886,38261,43425,36180,7245,3356,27663,31019,-3,10.431792,8.6913586,1.7404337,.80619675,6.6453581,7.4515548,46923,2619624,2021591,598033,35045,562988,68602,2551022,2254708,33668,4341,5069,146955,214380,84334,259275,102047,44083,99576,124714,177223,52968,135314,57097,304559,69436,204388,135281,296314,28548,11388,256378,41178,215200
4,West,9,Pacific,OR,41,Oregon,2019,4217737,35851,43305,36563,6742,3295,25821,29116,-7,10.311177,8.7058668,1.6053102,.78455901,6.1481333,6.9326921,39202,2201553,1696317,505236,33879,471357,67967,2133586,1849880,29337,4462,4734,101510,182471,82247,230628,62781,40716,95273,103356,134833,31484,112118,53579,253972,53708,157345,115326,283706,28827,12385,242494,62220,180274
1,Northeast,2,Middle Atlantic,PA,42,Pennsylvania,2019,12801989,1067,135190,133439,1751,19532,-19588,-56,-628,10.560518,10.423737,.13678132,1.525764,-1.5301385,-.0043745032,46834,6951840,5827156,1124684,53981,1070703,73467,6878373,6063145,16012,25893,26055,386096,706736,248861,801773,245509,126355,344821,209348,432277,85615,348186,233269,867424,129674,426387,402854,815228,106982,42442,665804,189268,476536
1,Northeast,2,Middle Atlantic,PA,42,Pennsylvania,2018,12800922,13281,136914,134063,2851,31675,-20731,10944,-514,10.701187,10.478354,.22283393,2.4757154,-1.6203333,.85538214,49906,7119776,5794226,1325550,54863,1270687,73413,7046363,6222210,17241,43956,22757,352409,585176,243273,757016,252780,109616,380778,259725,459710,122483,355596,273796,995514,153256,442799,394329,824153,109771,36585,677797,192872,484925
1,Northeast,1,New England,RI,44,Rhode Island,2019,1059361,1074,10481,9802,679,3645,-3215,430,-35,9.8987179,9.2574406,.64127749,3.4424984,-3.0363874,.40611094,50564,602399,505747,96652,702,95950,1264,601135,524226,2071,401,1141,32386,58584,18117,62298,12198,12292,31778,22483,35416,8839,31650,24479,79944,13268,44988,31893,76909,9989,8424,58496,21621,36875
1,Northeast,1,New England,RI,44,Rhode Island,2018,1058287,2614,10691,9939,752,4653,-2769,1884,-22,10.114666,9.4032049,.71146095,4.4021645,-2.6197278,1.7824367,46262,588132,498821,89311,766,88545,1426,586706,509146,,,,,64402,18029,61561,,12300,31205,19363,32990,6990,29531,23717,76584,13032,43175,31128,77560,10282,8648,58630,22298,36332
3,South,5,South Atlantic,SC,45,South Carolina,2019,5148714,64558,56353,50744,5609,5724,53034,58758,191,11.014114,9.9178429,1.0962712,1.1187477,10.36542,11.484168,40710,2472423,2013435,458988,22398,436590,28837,2443586,2042767,10577,3234,12882,166602,249636,78037,281632,67085,34089,101955,110905,120141,17590,171918,36203,189360,46740,202393,141788,400819,30466,55351,315002,99389,215613
3,South,5,South Atlantic,SC,45,South Carolina,2018,5084156,62888,56793,50428,6365,6067,50330,56397,126,11.240103,9.9803829,1.2597195,1.2007413,9.9609871,11.161729,44754,2482325,2027577,454748,21785,432963,28134,2454191,2063234,10415,2685,12441,184216,257379,78430,287942,69674,33776,97720,111368,116200,16760,178230,34444,183261,44031,202489,141773,390957,29663,53716,307578,98310,209268
2,Midwest,4,West North Central,SD,46,South Dakota,2019,884659,5961,11911,7337,4574,418,964,1382,5,13.509459,8.3216276,5.1878319,.4740957,1.0933691,1.5674648,53803,551957,423437,128520,26379,102141,31743,520214,439744,4362,1607,2307,34804,43897,19713,64760,15501,8290,36197,16978,18667,3235,19578,9151,60773,11292,39824,28808,80470,11106,8025,61339,16596,44743
2,Midwest,4,West North Central,SD,46,South Dakota,2018,878698,5830,12028,7381,4647,513,665,1178,5,13.733995,8.427887,5.306109,.58576155,.7593205,1.345082,50142,589296,444363,144933,27218,117715,33584,555712,471347,6017,2788,2051,33369,44618,22868,66405,15995,7278,39544,23259,21037,5049,18876,10559,66950,11789,43084,29811,84365,11102,8091,65172,18818,46354
3,South,6,East South Central,TN,47,Tennessee,2019,6829174,57543,80239,67977,12262,9293,36009,45302,-21,11.799154,9.996026,1.8031286,1.3665367,5.2951279,6.6616645,49640,3688630,2846413,842217,62627,779590,71765,3616865,3168803,11033,9366,3736,194144,333441,133761,392984,173099,54811,168049,129057,189030,37480,280782,72332,400365,76367,276272,232694,448062,50693,22273,375096,95483,279613
3,South,6,East South Central,TN,47,Tennessee,2018,6771631,62832,80946,68970,11976,9506,41341,50847,9,12.009409,10.232612,1.7767979,1.4103408,6.1334839,7.5438247,46920,3951095,3039791,911304,64702,846602,73879,3877216,3432427,11033,9609,4331,211613,359615,131338,413531,203069,57103,177866,149503,213660,49567,303768,78877,420887,85674,309182,242201,444789,49729,21498,373562,93408,280154
3,South,7,West South Central,TX,48,Texas,2019,28995881,367215,378664,202786,175878,65044,125660,190704,633,13.142455,7.0381813,6.1042738,2.2575102,4.3613358,6.6188459,43342,13493427,10507873,2985554,206773,2778781,246076,13247351,11386666,53651,283850,48754,968306,977506,550944,1428120,505773,262587,669258,535716,834822,77710,904824,184832,1191460,206476,915694,786383,1860685,185647,171676,1503362,339827,1163535
3,South,7,West South Central,TX,48,Texas,2018,28628666,333393,379544,201799,177745,71278,83795,155073,575,13.335128,7.0901279,6.2449999,2.5043242,2.944104,5.4484282,45208,14008182,10833290,3174892,220609,2954283,263582,13744600,11860823,55111,309144,51505,1020912,988658,569498,1453513,530149,262689,721508,564570,890883,87184,941233,190148,1242487,216851,950620,814160,1883777,186743,177541,1519493,337697,1181796
4,West,8,Mountain,UT,49,Utah,2019,3205958,52408,48642,17443,31199,5579,15588,21167,42,15.29741,5.4856443,9.8117657,1.7545383,4.902266,6.6568041,37172,1405788,1126689,279099,14449,264650,19455,1386333,1171878,2722,8475,4077,92105,119226,44852,162242,45813,33689,83448,61044,82240,19096,77332,33260,107857,27828,89690,76882,214455,35730,17918,160807,61333,99474
4,West,8,Mountain,UT,49,Utah,2018,3153550,52508,48349,17695,30654,5758,16083,21841,13,15.460321,5.6582427,9.8020782,1.8412073,5.1427813,6.9839888,34755,1620799,1235051,385748,15262,370486,20007,1600792,1366353,3313,14668,4275,90998,118121,49833,172249,50900,34345,111543,93568,107017,22682,89810,48952,137138,34480,99679,82782,234439,38035,16886,179518,66632,112886
1,Northeast,1,New England,VT,50,Vermont,2019,623989,-369,5581,5634,-53,383,-682,-299,-17,8.9414244,9.0263367,-.084912285,.61361146,-1.0926449,-.47903347,46748,441120,329628,111492,6439,105053,9316,431804,373742,3475,1078,1410,28917,33960,10441,45752,9771,5962,14616,16835,28701,2351,19517,18944,59911,12929,36428,22744,58062,7158,3953,46951,16804,30147
1,Northeast,1,New England,VT,50,Vermont,2018,624358,14,5537,5778,-241,454,-179,275,-20,8.8684092,9.2544098,-.38600081,.72715509,-.28669772,.44045737,43621,414181,309536,104645,6477,98168,8756,405425,348300,3532,1048,1839,29039,34501,10866,47208,8746,6844,14360,13804,25618,1000,15995,16668,55127,10632,30635,20838,57125,6633,4166,46326,16251,30075
1,Northeast,1,New England,VT,50,Vermont,2019,623989,-369,5581,5634,-53,383,-682,-299,-17,8.9414244,9.0263367,-.084912285,.61361146,-1.0926449,-.47903347,43371,437913,329216,108697,6438,102259,9294,428619,370717,3437,1150,1481,28653,33734,10368,46577,9382,5880,14236,16269,27840,2342,19245,19077,60015,12416,36237,22378,57902,7023,4131,46748,16841,29907
1,Northeast,1,New England,VT,50,Vermont,2019,623989,-369,5581,5634,-53,383,-682,-299,-17,8.9414244,9.0263367,-.084912285,.61361146,-1.0926449,-.47903347,45415,432508,325808,106700,6656,100044,9607,422901,364779,3638,1327,1704,28703,34822,11447,46217,9022,5978,13888,15174,26982,2498,17558,18627,57888,11462,35227,22617,58122,6791,4349,46982,17074,29908
3,South,5,South Atlantic,VA,51,Virginia,2019,8535519,34233,98403,69729,28674,14869,-9136,5733,-174,11.551814,8.1856899,3.3661242,1.7455151,-1.0725015,.67301351,49996,4870415,3993745,876670,40732,835938,49998,4820417,3947902,12516,14724,12270,320695,273792,130783,495859,137703,101586,191504,206163,497899,79874,275971,90229,413034,92497,320770,280033,872515,176551,160939,535025,158377,376648
3,South,5,South Atlantic,VA,51,Virginia,2018,8501286,37699,99818,68737,31081,15990,-9317,6673,-55,11.76761,8.1034498,3.6641595,1.8850716,-1.0983872,.78668433,53837,4802678,3881669,921009,40615,880394,50922,4751756,3881287,12162,14121,11315,264176,241373,123483,478681,135007,88580,205188,210899,514041,75803,271027,97082,441739,94512,322396,279702,870469,191863,145463,533143,158841,374302
4,West,9,Pacific,WA,53,Washington,2019,7614893,91024,87950,58587,29363,24103,37476,61579,82,11.61918,7.7399988,3.8791811,3.1842763,4.9509993,8.1352758,45828,3489250,2866055,623195,34547,588648,78764,3410486,2823810,38785,5068,4747,207801,300282,127183,380793,102288,101191,140171,132555,223663,32105,162289,54255,319156,77441,219854,194183,586676,69318,75587,441771,141275,300496
4,West,9,Pacific,WA,53,Washington,2018,7523869,100507,87338,57709,29629,23609,47153,70762,116,11.686178,7.7216978,3.9644802,3.1589797,6.3092623,9.4682417,49797,4647252,3686545,960707,31298,929409,85292,4561960,3896840,44799,6114,5635,280497,313187,148231,469238,195130,157878,179260,221419,348925,50499,226252,82518,497030,114345,318579,237304,665120,75860,75113,514147,152058,362089
3,South,5,South Atlantic,WV,54,West Virginia,2018,1804291,-12713,18251,22822,-4571,-132,-7987,-8119,-23,10.07982,12.604331,-2.5245113,-.072902098,-4.411129,-4.4840312,40708,872546,726708,145838,21560,124278,23505,849041,700449,3814,27370,6943,50292,74355,26156,109900,25622,15302,27358,18875,34190,2978,39647,11746,104117,12960,58266,50558,148592,21243,10126,117223,45482,71741
3,South,5,South Atlantic,WV,54,West Virginia,2019,1792147,-12144,17888,22567,-4679,-349,-7073,-7422,-43,9.9476204,12.54964,-2.6020191,-.19408092,-3.9333363,-4.1274171,38248,890779,735252,155527,19417,136110,21046,869733,718399,3651,30371,6240,53992,64227,26139,111077,26175,13305,26414,22981,36836,4358,39617,11470,110604,14515,64175,52252,151334,21976,9949,119409,46503,72906
3,South,5,South Atlantic,WV,54,West Virginia,2018,1804291,-12713,18251,22822,-4571,-132,-7987,-8119,-23,10.07982,12.604331,-2.5245113,-.072902098,-4.411129,-4.4840312,40629,899038,733675,165363,21197,144166,22484,876554,717324,2995,38770,6337,49477,53330,25296,106223,24768,12046,28464,24534,37394,5867,40193,12022,118591,15359,66696,48962,159230,23632,10182,125416,49199,76217
3,South,5,South Atlantic,WV,54,West Virginia,2018,1804291,-12713,18251,22822,-4571,-132,-7987,-8119,-23,10.07982,12.604331,-2.5245113,-.072902098,-4.411129,-4.4840312,39923,890105,721508,168597,21504,147093,23079,867026,710401,3225,33517,5458,43573,49754,23071,105096,25098,11226,26361,26200,38097,7213,42829,12983,125044,14253,70603,46800,156625,23605,8870,124150,51959,72191
2,Midwest,3,East North Central,WI,55,Wisconsin,2019,5822434,15028,63712,50393,13319,3341,-1438,1903,-194,10.956642,8.6661558,2.2904873,.57455647,-.24729489,.3272616,49553,3403719,2871629,532090,78867,453223,99632,3304087,2881593,13326,4034,12455,180748,570861,125169,396503,113570,59696,157967,88702,138185,36902,144772,51912,334224,55736,225052,171779,422494,29305,19699,373490,97699,275791
2,Midwest,3,East North Central,WI,55,Wisconsin,2018,5807406,17220,64194,51254,12940,5296,-871,4425,-145,11.07023,8.8387318,2.2314978,.91329306,-.1502036,.76308942,46086,3679343,3000930,678413,59457,618956,81385,3597958,3162163,16613,6981,9888,178183,485244,136091,379860,131561,55838,182072,130860,172653,71652,179487,70461,429943,75313,261704,187759,435795,29103,15903,390789,114966,275823
4,West,8,Mountain,WY,56,Wyoming,2018,577601,-1330,6714,4732,1982,516,-3827,-3311,-1,11.610574,8.1830854,3.4274883,.8923229,-6.6180615,-5.7257385,49926,330130,257293,72837,8928,63909,12459,317671,252401,2608,20719,,27179,11420,7707,38859,,,10416,11899,13776,923,11479,2378,22869,6325,28452,,65270,7186,6122,51962,14195,37767
4,West,8,Mountain,WY,56,Wyoming,2019,578759,1158,6601,4971,1630,538,-1012,-474,2,11.41686,8.5976686,2.8191912,.93050605,-1.75032,-.81981391,54428,406033,302533,103500,10648,92852,14470,391563,315715,2908,31533,2662,30889,11918,11227,39787,15838,4663,16472,22268,17541,1616,12363,3902,29227,7105,35606,18190,75848,7368,6012,62468,15856,46612
3,South,7,West South Central,AR,5,Arkansas,2018,3009733,8388,37239,31743,5496,588,2294,2882,10,12.390123,10.5615,1.8286238,.19563879,.76325744,.95889622,47451,1561948,1223928,338020,41670,296350,53691,1508257,1273610,13876,15825,7349,84959,162402,50894,161586,66195,19217,59483,53795,61659,27842,84462,20785,175255,19311,98261,90454,234647,21094,17936,195617,82090,113527
3,South,7,West South Central,AR,5,Arkansas,2018,3009733,8388,37239,31743,5496,588,2294,2882,10,12.390123,10.5615,1.8286238,.19563879,.76325744,.95889622,47451,1565142,1229574,335568,40629,294939,49635,1515507,1279945,14517,18604,7896,85017,159500,51323,162120,66867,18442,58086,52685,60966,31894,82659,20804,178831,19688,100191,89855,235562,20675,18168,196719,83962,112757
3,South,7,West South Central,AR,5,Arkansas,2018,3009733,8388,37239,31743,5496,588,2294,2882,10,12.390123,10.5615,1.8286238,.19563879,.76325744,.95889622,47451,1482035,1202294,279741,44406,235335,57569,1424466,1209912,14380,7172,6855,89392,210090,48264,160873,72234,23113,49344,37986,51803,21986,71354,15325,143017,15818,85359,85547,214554,21071,19178,174305,67843,106462
3,South,7,West South Central,AR,5,Arkansas,2018,3009733,8388,37239,31743,5496,588,2294,2882,10,12.390123,10.5615,1.8286238,.19563879,.76325744,.95889622,47451,1610805,1265002,345803,39934,305869,52512,1558293,1326918,14379,16750,8248,85161,160559,54068,171890,70017,16391,58169,55914,64912,34703,89311,22602,182666,20264,109015,91899,231375,20330,17314,193731,84252,109479
3,South,7,West South Central,AR,5,Arkansas,2018,3009733,8388,37239,31743,5496,588,2294,2882,10,12.390123,10.5615,1.8286238,.19563879,.76325744,.95889622,47451,1478929,1203333,275596,45977,229619,58975,1419954,1208973,15938,6416,6926,90786,218261,48632,162103,73068,22391,48924,36371,49827,22302,69315,14826,138506,15567,84456,84358,210981,20939,18855,171187,66591,104596
3,South,7,West South Central,AR,5,Arkansas,2018,3009733,8388,37239,31743,5496,588,2294,2882,10,12.390123,10.5615,1.8286238,.19563879,.76325744,.95889622,47451,1542944,1221329,321615,42629,278986,55016,1487928,1251853,13704,14775,7271,91831,166722,50727,159432,65680,20134,57076,50902,59790,28091,77087,19346,169005,18501,96593,85186,236075,21812,19011,195252,81431,113821
3,South,7,West South Central,AR,5,Arkansas,2018,3009733,8388,37239,31743,5496,588,2294,2882,10,12.390123,10.5615,1.8286238,.19563879,.76325744,.95889622,47451,1541272,1219912,321360,42259,279101,55128,1486144,1249280,13899,16781,7539,86153,162730,50166,158134,64357,19402,55691,52294,60579,27703,80606,20493,172613,18756,95942,85442,236864,22916,18101,195847,81409,114438
4,West,9,Pacific,CA,6,California,2019,39512223,50635,462617,282520,180097,74028,-203414,-129386,-76,11.715707,7.1547771,4.5609298,1.8747481,-5.1514292,-3.2766812,44859,20126877,15870028,4256849,65734,4191115,244370,19882507,17232240,200827,36328,57637,1248701,1582808,761232,2069899,582212,558536,932921,1022517,1590242,232354,1285112,380037,1643016,494137,1345223,1208501,2650267,250521,223452,2176294,466231,1710063
4,West,9,Pacific,CA,6,California,2019,39512223,50635,462617,282520,180097,74028,-203414,-129386,-76,11.715707,7.1547771,4.5609298,1.8747481,-5.1514292,-3.2766812,44859,20666908,15713601,4953307,63286,4890021,222074,20444834,17853207,223859,68875,61538,909050,1345926,760592,1952868,610295,518351,1010957,1047839,1797930,218158,1338379,465322,2216400,572200,1454926,1279742,2591627,251499,216386,2123742,491145,1632597
4,West,9,Pacific,CA,6,California,2019,39512223,50635,462617,282520,180097,74028,-203414,-129386,-76,11.715707,7.1547771,4.5609298,1.8747481,-5.1514292,-3.2766812,44859,20505187,16116466,4388721,63912,4324809,222890,20282297,17610151,202047,40641,58132,1283262,1576203,788178,2094691,593754,554068,942113,1059699,1654533,222948,1337057,395440,1685538,507537,1388191,1226119,2672146,247543,221359,2203244,476421,1726823
4,West,9,Pacific,CA,6,California,2019,39512223,50635,462617,282520,180097,74028,-203414,-129386,-76,11.715707,7.1547771,4.5609298,1.8747481,-5.1514292,-3.2766812,44859,19478671,15591389,3887282,69670,3817612,310619,19168052,16489519,191150,35915,56949,1087203,1615130,721060,1995437,554065,548560,891195,849099,1515922,264399,1251560,358259,1617216,477478,1281745,1177177,2678533,256271,235850,2186412,478779,1707633
4,West,9,Pacific,CA,6,California,2019,39512223,50635,462617,282520,180097,74028,-203414,-129386,-76,11.715707,7.1547771,4.5609298,1.8747481,-5.1514292,-3.2766812,44859,24086110,18295976,5790134,57209,5732925,234830,23851280,21039743,255973,40807,60079,1203207,1424782,787245,2082200,1123449,618684,1103189,1208570,2078160,286605,1529386,545458,2719180,677450,1828894,1466425,2811537,246608,206057,2358872,550066,1808806
4,West,9,Pacific,CA,6,California,2019,39512223,50635,462617,282520,180097,74028,-203414,-129386,-76,11.715707,7.1547771,4.5609298,1.8747481,-5.1514292,-3.2766812,44859,19642444,14946231,4696213,65373,4630840,232546,19409898,16731726,212034,60321,59325,865760,1322661,724350,1880146,567979,508681,953789,1033832,1703399,207092,1248607,439530,1868906,538934,1369983,1166397,2678172,269052,223833,2185287,496155,1689132
4,West,9,Pacific,CA,6,California,2019,39512223,50635,462617,282520,180097,74028,-203414,-129386,-76,11.715707,7.1547771,4.5609298,1.8747481,-5.1514292,-3.2766812,44859,19837628,15151262,4686366,65844,4620522,227118,19610510,16880961,200201,52328,62159,942684,1375996,730479,1911535,577340,515827,1005567,1011505,1697347,213366,1221705,429908,1831158,528123,1370051,1203682,2729549,253470,224561,2251518,502235,1749283
3,South,6,East South Central,KY,21,Kentucky,2019,4467673,6520,53471,46074,7397,765,-1541,-776,-101,11.977162,10.320282,1.6568807,.17135511,-.34517416,-.17381905,44475,2263430,1864898,398532,83906,314626,100705,2162725,1815595,13486,22594,6851,130052,281207,76446,258788,97231,35257,82887,57482,87950,14749,109534,31496,213567,30576,143139,122303,347130,37596,47224,262310,91347,170963
3,South,6,East South Central,KY,21,Kentucky,2019,4467673,6520,53471,46074,7397,765,-1541,-776,-101,11.977162,10.320282,1.6568807,.17135511,-.34517416,-.17381905,44475,2407562,1923075,484487,69237,415250,82880,2324682,1957278,13133,27195,6776,117481,237257,79962,248493,103899,31032,104425,80651,106745,22349,145851,40003,257228,38085,168429,128284,367404,37750,53700,275954,100323,175631
3,South,6,East South Central,KY,21,Kentucky,2019,4467673,6520,53471,46074,7397,765,-1541,-776,-101,11.977162,10.320282,1.6568807,.17135511,-.34517416,-.17381905,44475,2498847,1997170,501677,69125,432552,82824,2416023,2062223,13329,20656,7206,127607,256113,81164,259979,120693,27884,108346,87797,113420,24527,153462,40605,265918,40246,181790,131481,353800,36736,45106,271958,99070,172888
3,South,6,East South Central,KY,21,Kentucky,2019,4467673,6520,53471,46074,7397,765,-1541,-776,-101,11.977162,10.320282,1.6568807,.17135511,-.34517416,-.17381905,44475,2519631,2010804,508827,68578,440249,84279,2435352,2082413,13183,18280,7133,128078,258760,81579,262325,125816,28205,108030,90106,114071,23611,154714,40377,270411,41821,184925,130988,352939,36653,44930,271356,97266,174090
3,South,6,East South Central,KY,21,Kentucky,2019,4467673,6520,53471,46074,7397,765,-1541,-776,-101,11.977162,10.320282,1.6568807,.17135511,-.34517416,-.17381905,44475,2300593,1881168,419425,76935,342490,96919,2203674,1854978,12552,22675,6619,136256,269426,79752,259110,97036,32693,85958,64061,92030,16695,118443,32553,220964,31812,151587,124756,348696,36483,46721,265492,93030,172462
3,South,6,East South Central,KY,21,Kentucky,2019,4467673,6520,53471,46074,7397,765,-1541,-776,-101,11.977162,10.320282,1.6568807,.17135511,-.34517416,-.17381905,44475,2440072,1948869,491203,69271,421932,83886,2356186,1993640,13538,25496,6849,121688,242343,83628,250676,108675,31366,103295,83409,109572,22879,152490,41233,255127,38795,171778,130803,362546,36925,50458,275163,101426,173737
3,South,6,East South Central,KY,21,Kentucky,2019,4467673,6520,53471,46074,7397,765,-1541,-776,-101,11.977162,10.320282,1.6568807,.17135511,-.34517416,-.17381905,44475,2544758,2024711,520047,67813,452234,83211,2461547,2107363,13522,15982,7100,129345,259593,80908,259707,133645,27573,110216,92731,117597,23898,156380,39912,275671,43082,185708,134793,354184,35425,44445,274314,99382,174932
1,Northeast,2,Middle Atlantic,NJ,34,New Jersey,2019,8882190,-3835,99501,75723,23778,21284,-48946,-27662,49,11.199887,8.5234222,2.6764648,2.3957386,-5.5093884,-3.1136498,53701,5053839,3937611,1116228,7888,1108340,17529,5036310,4418302,6196,4566,14923,216641,259183,233995,523288,197885,94700,334782,281823,427941,84609,322130,123920,593960,110749,315783,271228,618008,50893,25554,541561,146619,394942
1,Northeast,2,Middle Atlantic,NJ,34,New Jersey,2019,8882190,-3835,99501,75723,23778,21284,-48946,-27662,49,11.199887,8.5234222,2.6764648,2.3957386,-5.5093884,-3.1136498,53701,4991146,4099778,891368,8717,882651,16549,4974597,4318829,5598,3134,14501,256380,341645,252154,543397,195668,113501,286916,247697,399268,68073,311065,107964,521029,93021,302527,255291,655768,61746,24581,569441,158159,411282
1,Northeast,2,Middle Atlantic,NJ,34,New Jersey,2019,8882190,-3835,99501,75723,23778,21284,-48946,-27662,49,11.199887,8.5234222,2.6764648,2.3957386,-5.5093884,-3.1136498,53701,4825005,4041438,783567,9095,774472,17350,4807655,4171772,5183,2899,15435,233261,359043,246999,536328,192271,115237,278347,210418,380867,65713,303702,104636,497903,87131,291803,244596,635883,63348,26842,545693,148032,397661
1,Northeast,2,Middle Atlantic,NJ,34,New Jersey,2019,8882190,-3835,99501,75723,23778,21284,-48946,-27662,49,11.199887,8.5234222,2.6764648,2.3957386,-5.5093884,-3.1136498,53701,4909617,4068023,841594,8849,832745,16910,4892707,4244088,5507,2821,15315,246191,347754,250430,536520,193274,112961,280390,227813,393396,66839,313991,106176,507134,90632,296243,250701,648619,62675,26566,559378,153645,405733
1,Northeast,2,Middle Atlantic,NJ,34,New Jersey,2019,8882190,-3835,99501,75723,23778,21284,-48946,-27662,49,11.199887,8.5234222,2.6764648,2.3957386,-5.5093884,-3.1136498,53701,5448478,4174679,1273799,8806,1264993,19305,5429173,4817582,6839,3823,15493,249296,261120,239386,548676,283932,89816,340475,332226,459362,91827,350750,136814,651851,124719,342331,288846,611591,49420,25149,537022,140088,396934
1,Northeast,2,Middle Atlantic,NJ,34,New Jersey,2019,8882190,-3835,99501,75723,23778,21284,-48946,-27662,49,11.199887,8.5234222,2.6764648,2.3957386,-5.5093884,-3.1136498,53701,5130158,4143110,987048,8904,978144,16734,5113424,4456555,5809,3286,13967,261797,319808,253603,546932,205334,113413,302247,269059,430473,74656,315992,114088,549714,100021,310115,266241,656869,61700,24533,570636,156587,414049
1,Northeast,2,Middle Atlantic,NJ,34,New Jersey,2019,8882190,-3835,99501,75723,23778,21284,-48946,-27662,49,11.199887,8.5234222,2.6764648,2.3957386,-5.5093884,-3.1136498,53701,4777145,4059504,717641,9591,708050,18931,4758214,4145761,5269,3038,16412,226122,408397,257953,527542,200281,136591,273653,187849,393114,66477,298579,94176,468368,80572,275495,225873,612453,64224,28270,519959,142051,377908
3,South,5,South Atlantic,NC,37,North Carolina,2018,10381615,113382,120176,93703,26473,14913,71915,86828,81,11.639408,9.0754175,2.5639899,1.444369,6.9651842,8.4095535,45199,5292814,4175842,1116972,42870,1074102,65666,5227148,4364217,24050,7074,12984,292114,455959,185637,540033,142039,83772,241834,225936,296541,79596,356544,121259,521754,108682,367437,300972,862931,69676,143541,649714,215665,434049
3,South,5,South Atlantic,NC,37,North Carolina,2018,10381615,113382,120176,93703,26473,14913,71915,86828,81,11.639408,9.0754175,2.5639899,1.444369,6.9651842,8.4095535,45199,6188601,4826288,1362313,38890,1323423,63087,6125514,5260146,26304,6284,15145,374764,499863,205121,610401,222126,92904,298502,284403,402691,92785,421106,143803,594005,142633,474264,353042,865368,74376,127121,663871,212514,451357
3,South,5,South Atlantic,NC,37,North Carolina,2018,10381615,113382,120176,93703,26473,14913,71915,86828,81,11.639408,9.0754175,2.5639899,1.444369,6.9651842,8.4095535,45199,5251538,4275884,975654,40163,935491,63300,5188238,4383333,23194,6294,14003,389851,573332,191860,553746,151195,85944,204916,205160,269618,71149,330308,99638,480443,89429,350476,292777,804905,62380,127210,615315,195055,420260
3,South,5,South Atlantic,NC,37,North Carolina,2018,10381615,113382,120176,93703,26473,14913,71915,86828,81,11.639408,9.0754175,2.5639899,1.444369,6.9651842,8.4095535,45199,4961634,4086449,875185,44425,830760,68399,4893235,4103222,22716,5740,14212,345896,597130,182913,533505,144107,83437,188425,169560,243708,64932,301508,84538,432306,81979,325068,281542,790013,61489,124935,603589,192650,410939
3,South,5,South Atlantic,NC,37,North Carolina,2018,10381615,113382,120176,93703,26473,14913,71915,86828,81,11.639408,9.0754175,2.5639899,1.444369,6.9651842,8.4095535,45199,5413586,4369182,1044404,43711,1000693,64949,5348637,4499658,23569,8050,13929,373272,536518,195065,557743,148059,85976,225951,223387,295495,78812,338351,109715,518419,98972,369310,299065,848979,65545,137307,646127,204576,441551
3,South,5,South Atlantic,NC,37,North Carolina,2018,10381615,113382,120176,93703,26473,14913,71915,86828,81,11.639408,9.0754175,2.5639899,1.444369,6.9651842,8.4095535,45199,5922721,4658264,1264457,39062,1225395,62644,5860077,4999090,25293,7804,15071,341129,490977,201904,607805,192199,95251,265158,262721,366593,88605,408356,141916,571527,132724,454192,329865,860987,72412,130176,658399,211542,446857
3,South,5,South Atlantic,NC,37,North Carolina,2018,10381615,113382,120176,93703,26473,14913,71915,86828,81,11.639408,9.0754175,2.5639899,1.444369,6.9651842,8.4095535,45199,4841986,4048064,793922,49010,744912,77606,4764380,4001287,23804,5716,14759,328039,659481,175922,532522,140281,87695,183222,148849,228000,65453,279303,71565,401939,79287,304439,271011,763093,62062,121208,579823,181619,398204
2,Midwest,3,East North Central,OH,39,Ohio,2018,11676341,16691,135947,119884,16063,13237,-12281,956,-328,11.651273,10.274601,1.3766718,1.1344708,-1.0525372,.081933528,48907,6521658,5221997,1299661,67970,1231691,81224,6440434,5632878,13130,27547,20060,300499,663987,239428,673543,220373,92272,332613,250049,372910,117763,393515,146900,842338,122114,450134,353703,807556,80516,36085,690955,174912,516043
2,Midwest,3,East North Central,OH,39,Ohio,2018,11676341,16691,135947,119884,16063,13237,-12281,956,-328,11.651273,10.274601,1.3766718,1.1344708,-1.0525372,.081933528,48907,6747271,5581427,1165844,67367,1098477,82962,6664309,5831208,11424,21184,21505,366804,819068,260374,730441,239227,103814,299713,235871,361614,108799,406037,134166,769432,117047,461407,363281,833101,76704,35963,720434,172705,547729
2,Midwest,3,East North Central,OH,39,Ohio,2018,11676341,16691,135947,119884,16063,13237,-12281,956,-328,11.651273,10.274601,1.3766718,1.1344708,-1.0525372,.081933528,48907,6666592,5568545,1098047,70216,1027831,85169,6581423,5738479,11220,19430,21096,364477,842323,252548,745250,217030,106421,300174,219507,350181,97091,395436,120883,736158,116621,452568,370065,842944,78360,38085,726499,172154,554345
2,Midwest,3,East North Central,OH,39,Ohio,2018,11676341,16691,135947,119884,16063,13237,-12281,956,-328,11.651273,10.274601,1.3766718,1.1344708,-1.0525372,.081933528,48907,6620830,5562507,1058323,72471,985852,88195,6532635,5688650,10430,20978,21969,354973,860594,250569,755244,209818,109168,297985,208543,341563,98420,379030,117690,722949,115370,445067,368290,843985,79717,38600,725668,172103,553565
2,Midwest,3,East North Central,OH,39,Ohio,2018,11676341,16691,135947,119884,16063,13237,-12281,956,-328,11.651273,10.274601,1.3766718,1.1344708,-1.0525372,.081933528,48907,6725753,5709552,1016201,80527,935674,98289,6627464,5793049,10286,21512,24866,358380,972326,264216,778247,215525,119935,294795,202213,348633,88895,383672,108925,688661,113114,436779,362069,834415,80502,37067,716846,177166,539680
2,Midwest,3,East North Central,OH,39,Ohio,2018,11676341,16691,135947,119884,16063,13237,-12281,956,-328,11.651273,10.274601,1.3766718,1.1344708,-1.0525372,.081933528,48907,7065741,5666700,1399041,70625,1328416,88379,6977362,6170262,15521,24991,20093,349925,728885,254297,681126,296124,87603,358937,281822,401116,150588,423720,146390,904577,148178,519249,377120,807100,78772,35118,693210,177333,515877
2,Midwest,3,East North Central,OH,39,Ohio,2018,11676341,16691,135947,119884,16063,13237,-12281,956,-328,11.651273,10.274601,1.3766718,1.1344708,-1.0525372,.081933528,48907,6931860,5583009,1348851,71081,1277770,91173,6840687,6037474,14833,35056,21017,332926,715645,254512,691426,261219,87555,342090,270691,388130,147896,420956,148936,893324,139396,504319,367547,803213,77650,35233,690330,177748,512582
3,South,5,South Atlantic,VA,51,Virginia,2018,8501286,37699,99818,68737,31081,15990,-9317,6673,-55,11.76761,8.1034498,3.6641595,1.8850716,-1.0983872,.78668433,53837,4417451,3760473,656978,48841,608137,60188,4357263,3548925,12392,11962,12222,293697,351234,124575,477685,138408,131730,165414,144116,381046,74045,244399,66426,326205,75348,273262,244759,808338,156975,167477,483886,153335,330551
3,South,5,South Atlantic,VA,51,Virginia,2018,8501286,37699,99818,68737,31081,15990,-9317,6673,-55,11.76761,8.1034498,3.6641595,1.8850716,-1.0983872,.78668433,53837,4421795,3746591,675204,45281,629923,57814,4363981,3541313,13006,11147,12165,290423,329548,122336,478495,134229,117503,169460,148383,380192,70839,244555,69019,341849,78773,274968,254423,822668,163083,170371,489214,149809,339405
3,South,5,South Atlantic,VA,51,Virginia,2018,8501286,37699,99818,68737,31081,15990,-9317,6673,-55,11.76761,8.1034498,3.6641595,1.8850716,-1.0983872,.78668433,53837,5142712,4099920,1042792,38903,1003889,50870,5091842,4214968,13941,12895,12015,280958,247138,122616,501513,182346,83322,220417,226613,545440,78694,303691,106312,493187,107213,367764,308893,876874,197710,138204,540960,165211,375749
3,South,5,South Atlantic,VA,51,Virginia,2018,8501286,37699,99818,68737,31081,15990,-9317,6673,-55,11.76761,8.1034498,3.6641595,1.8850716,-1.0983872,.78668433,53837,4467387,3757489,709898,43521,666377,57818,4409569,3584065,11716,11181,11448,303474,312880,122147,480774,134422,110393,173034,158930,392307,71921,244709,72773,350985,77790,282472,260709,825504,164625,170967,489912,145830,344082
3,South,5,South Atlantic,VA,51,Virginia,2018,8501286,37699,99818,68737,31081,15990,-9317,6673,-55,11.76761,8.1034498,3.6641595,1.8850716,-1.0983872,.78668433,53837,4953354,3972438,980916,40228,940688,54529,4898825,4029357,13480,14341,11214,268053,244742,127678,492920,148385,87084,207064,217411,517872,77200,287961,102246,466715,100529,344219,300243,869468,192578,138966,537924,164139,373785
3,South,5,South Atlantic,VA,51,Virginia,2018,8501286,37699,99818,68737,31081,15990,-9317,6673,-55,11.76761,8.1034498,3.6641595,1.8850716,-1.0983872,.78668433,53837,5218115,4140678,1077437,38074,1039363,48962,5169153,4291239,14063,11583,11356,284982,248794,122681,503371,197685,84099,223464,233333,559155,78085,311878,110005,500088,111227,376396,308994,877914,197615,136188,544111,165695,378416
3,South,5,South Atlantic,VA,51,Virginia,2018,8501286,37699,99818,68737,31081,15990,-9317,6673,-55,11.76761,8.1034498,3.6641595,1.8850716,-1.0983872,.78668433,53837,4743189,3852552,890637,40739,849898,53862,4689327,3815040,12102,14899,11512,271481,240134,120333,469984,130887,90247,191873,205471,508235,76370,266387,96034,431771,92247,313576,271497,874287,191161,152360,530766,156188,374578
